{"count":1,"self":42.471408,"total":107.41275569999999,"children":{"InitializeActuators":{"count":18,"self":0.0029936999999999997,"total":0.0029936999999999997,"children":null},"InitializeSensors":{"count":18,"self":0.0019947999999999997,"total":0.0019947999999999997,"children":null},"AgentSendState":{"count":33467,"self":1.0364337,"total":19.9408976,"children":{"CollectObservations":{"count":30123,"self":17.2786784,"total":17.278678199999998,"children":null},"WriteActionMask":{"count":30123,"self":0.1797234,"total":0.1797234,"children":null},"RequestDecision":{"count":30123,"self":0.553286,"total":1.4460623,"children":{"AgentInfo.ToProto":{"count":30123,"self":0.37326149999999997,"total":0.8927763,"children":{"GenerateSensorData":{"count":30123,"self":0.51951479999999994,"total":0.51951479999999994,"children":null}}}}}}},"DecideAction":{"count":33467,"self":43.754444799999995,"total":43.7544452,"children":null},"AgentAct":{"count":33467,"self":1.2081065,"total":1.2390212999999999,"children":{"AgentInfo.ToProto":{"count":465,"self":0.0099706,"total":0.0309148,"children":{"GenerateSensorData":{"count":465,"self":0.0209442,"total":0.0209442,"children":null}}}}}},"gauges":{"TestBall.CumulativeReward":{"count":465,"max":1,"min":0,"runningAverage":0.3419355,"value":1,"weightedAverage":0.3844084}},"metadata":{"timer_format_version":"0.1.0","start_time_seconds":"1617612110","unity_version":"2019.4.14f1c1","command_line_arguments":"D:\\Program Files\\Unity\\Hub\\Editor\\2019.4.14f1c1\\Editor\\Unity.exe -projectpath F:\/Github\/AIBikeRobot -useHub -hubIPC -cloudEnvironment production -hubSessionId 40d2e880-95e7-11eb-9227-dbd6b5307ef8 -accessToken 2bftLQ9anV6Vn6dCvZbqUiXB8YpznuGjau3iSa-aU0s01ef","communication_protocol_version":"1.5.0","com.unity.ml-agents_version":"1.9.0-preview","scene_name":"TestBall","end_time_seconds":"1617612217"}}