{
    "name": "root",
    "gauges": {
        "TestBall.Policy.Entropy.mean": {
            "value": 1.4263311624526978,
            "min": 1.418938398361206,
            "max": 1.4263311624526978,
            "count": 2
        },
        "TestBall.Policy.Entropy.sum": {
            "value": 16469.845703125,
            "min": 16469.845703125,
            "max": 18197.884765625,
            "count": 2
        },
        "TestBall.Environment.EpisodeLength.mean": {
            "value": 69.24117647058823,
            "min": 65.53846153846153,
            "max": 69.24117647058823,
            "count": 2
        },
        "TestBall.Environment.EpisodeLength.sum": {
            "value": 11771.0,
            "min": 11771.0,
            "max": 11928.0,
            "count": 2
        },
        "TestBall.Policy.ExtrinsicValueEstimate.mean": {
            "value": 0.2535147964954376,
            "min": 0.2535147964954376,
            "max": 0.4896107017993927,
            "count": 2
        },
        "TestBall.Policy.ExtrinsicValueEstimate.sum": {
            "value": 43.09751510620117,
            "min": 43.09751510620117,
            "max": 88.61953735351562,
            "count": 2
        },
        "TestBall.Environment.CumulativeReward.mean": {
            "value": 0.3,
            "min": 0.3,
            "max": 0.30386740331491713,
            "count": 2
        },
        "TestBall.Environment.CumulativeReward.sum": {
            "value": 51.0,
            "min": 51.0,
            "max": 55.0,
            "count": 2
        },
        "TestBall.Policy.ExtrinsicReward.mean": {
            "value": 0.3,
            "min": 0.3,
            "max": 0.30386740331491713,
            "count": 2
        },
        "TestBall.Policy.ExtrinsicReward.sum": {
            "value": 51.0,
            "min": 51.0,
            "max": 55.0,
            "count": 2
        },
        "TestBall.IsTraining.mean": {
            "value": 1.0,
            "min": 1.0,
            "max": 1.0,
            "count": 2
        },
        "TestBall.IsTraining.sum": {
            "value": 1.0,
            "min": 1.0,
            "max": 1.0,
            "count": 2
        },
        "TestBall.Losses.PolicyLoss.mean": {
            "value": 0.10079707449706143,
            "min": 0.10079707449706143,
            "max": 0.10079707449706143,
            "count": 1
        },
        "TestBall.Losses.PolicyLoss.sum": {
            "value": 0.10079707449706143,
            "min": 0.10079707449706143,
            "max": 0.10079707449706143,
            "count": 1
        },
        "TestBall.Losses.ValueLoss.mean": {
            "value": 0.03778990838558428,
            "min": 0.03778990838558428,
            "max": 0.03778990838558428,
            "count": 1
        },
        "TestBall.Losses.ValueLoss.sum": {
            "value": 0.03778990838558428,
            "min": 0.03778990838558428,
            "max": 0.03778990838558428,
            "count": 1
        },
        "TestBall.Policy.LearningRate.mean": {
            "value": 0.000295963334678889,
            "min": 0.000295963334678889,
            "max": 0.000295963334678889,
            "count": 1
        },
        "TestBall.Policy.LearningRate.sum": {
            "value": 0.000295963334678889,
            "min": 0.000295963334678889,
            "max": 0.000295963334678889,
            "count": 1
        },
        "TestBall.Policy.Epsilon.mean": {
            "value": 0.1986544444444445,
            "min": 0.1986544444444445,
            "max": 0.1986544444444445,
            "count": 1
        },
        "TestBall.Policy.Epsilon.sum": {
            "value": 0.1986544444444445,
            "min": 0.1986544444444445,
            "max": 0.1986544444444445,
            "count": 1
        },
        "TestBall.Policy.Beta.mean": {
            "value": 0.0009866790000000003,
            "min": 0.0009866790000000003,
            "max": 0.0009866790000000003,
            "count": 1
        },
        "TestBall.Policy.Beta.sum": {
            "value": 0.0009866790000000003,
            "min": 0.0009866790000000003,
            "max": 0.0009866790000000003,
            "count": 1
        }
    },
    "metadata": {
        "timer_format_version": "0.1.0",
        "start_time_seconds": "1617612105",
        "python_version": "3.6.13 |Anaconda, Inc.| (default, Mar 16 2021, 11:37:27) [MSC v.1916 64 bit (AMD64)]",
        "command_line_arguments": "D:\\Program Files\\miniconda\\envs\\ml-agents\\Scripts\\mlagents-learn config/testball.yaml --run-id=TestBall --train --force",
        "mlagents_version": "0.25.0",
        "mlagents_envs_version": "0.25.0",
        "communication_protocol_version": "1.5.0",
        "pytorch_version": "1.7.1+cpu",
        "numpy_version": "1.19.5",
        "end_time_seconds": "1617612218"
    },
    "total": 112.9520806,
    "count": 1,
    "self": 0.01526929999999993,
    "children": {
        "run_training.setup": {
            "total": 0.157065,
            "count": 1,
            "self": 0.157065
        },
        "TrainerController.start_learning": {
            "total": 112.7797463,
            "count": 1,
            "self": 0.21679169999968906,
            "children": {
                "TrainerController._reset_env": {
                    "total": 5.8375664,
                    "count": 1,
                    "self": 5.8375664
                },
                "TrainerController.advance": {
                    "total": 106.5286277000003,
                    "count": 3775,
                    "self": 0.10029270000050872,
                    "children": {
                        "env_step": {
                            "total": 106.42833499999979,
                            "count": 3775,
                            "self": 96.00240739999981,
                            "children": {
                                "SubprocessEnvManager._take_step": {
                                    "total": 10.322475799999907,
                                    "count": 3775,
                                    "self": 0.41011020000010134,
                                    "children": {
                                        "TorchPolicy.evaluate": {
                                            "total": 9.912365599999806,
                                            "count": 3346,
                                            "self": 1.5180762000002623,
                                            "children": {
                                                "TorchPolicy.sample_actions": {
                                                    "total": 8.394289399999543,
                                                    "count": 3346,
                                                    "self": 8.394289399999543
                                                }
                                            }
                                        }
                                    }
                                },
                                "workers": {
                                    "total": 0.10345180000007215,
                                    "count": 3774,
                                    "self": 0.0,
                                    "children": {
                                        "worker_root": {
                                            "total": 106.51499480000007,
                                            "count": 3774,
                                            "is_parallel": true,
                                            "self": 28.324434000000025,
                                            "children": {
                                                "steps_from_proto": {
                                                    "total": 0.0004015,
                                                    "count": 1,
                                                    "is_parallel": true,
                                                    "self": 0.000136,