{
    "name": "root",
    "gauges": {
        "TestBall.Policy.Entropy.mean": {
            "value": 1.2320282459259033,
            "min": 1.2320282459259033,
            "max": 1.4307875633239746,
            "count": 75
        },
        "TestBall.Policy.Entropy.sum": {
            "value": 14791.73046875,
            "min": 14708.84765625,
            "max": 17699.8359375,
            "count": 75
        },
        "TestBall.Environment.EpisodeLength.mean": {
            "value": 17.823161189358373,
            "min": 17.264840182648403,
            "max": 74.26415094339623,
            "count": 75
        },
        "TestBall.Environment.EpisodeLength.sum": {
            "value": 11389.0,
            "min": 11343.0,
            "max": 11888.0,
            "count": 75
        },
        "TestBall.Policy.ExtrinsicValueEstimate.mean": {
            "value": 0.8899449110031128,
            "min": 0.16577064990997314,
            "max": 0.9026200175285339,
            "count": 75
        },
        "TestBall.Policy.ExtrinsicValueEstimate.sum": {
            "value": 568.6748046875,
            "min": 26.357532501220703,
            "max": 590.5442504882812,
            "count": 75
        },
        "TestBall.Environment.CumulativeReward.mean": {
            "value": 0.9702660406885759,
            "min": 0.19375,
            "max": 0.9927404718693285,
            "count": 75
        },
        "TestBall.Environment.CumulativeReward.sum": {
            "value": 620.0,
            "min": 31.0,
            "max": 645.0,
            "count": 75
        },
        "TestBall.Policy.ExtrinsicReward.mean": {
            "value": 0.9702660406885759,
            "min": 0.19375,
            "max": 0.9927404718693285,
            "count": 75
        },
        "TestBall.Policy.ExtrinsicReward.sum": {
            "value": 620.0,
            "min": 31.0,
            "max": 645.0,
            "count": 75
        },
        "TestBall.IsTraining.mean": {
            "value": 1.0,
            "min": 1.0,
            "max": 1.0,
            "count": 75
        },
        "TestBall.IsTraining.sum": {
            "value": 1.0,
            "min": 1.0,
            "max": 1.0,
            "count": 75
        },
        "TestBall.Losses.PolicyLoss.mean": {
            "value": 0.09290790437544744,
            "min": 0.08898633913636712,
            "max": 0.10730919904894598,
            "count": 74
        },
        "TestBall.Losses.PolicyLoss.sum": {
            "value": 0.09290790437544744,
            "min": 0.08898633913636712,
            "max": 0.10730919904894598,
            "count": 74
        },
        "TestBall.Losses.ValueLoss.mean": {
            "value": 0.004700854260149892,
            "min": 0.0015622727443636753,
            "max": 0.05165947382396449,
            "count": 74
        },
        "TestBall.Losses.ValueLoss.sum": {
            "value": 0.004700854260149892,
            "min": 0.0015622727443636753,
            "max": 0.05165947382396449,
            "count": 74
        },
        "TestBall.Policy.LearningRate.mean": {
            "value": 3.4240988586666825e-06,
            "min": 3.4240988586666825e-06,
            "max": 0.0002959826680057777,
            "count": 74
        },
        "TestBall.Policy.LearningRate.sum": {
            "value": 3.4240988586666825e-06,
            "min": 3.4240988586666825e-06,
            "max": 0.0002959826680057777,
            "count": 74
        },
        "TestBall.Policy.Epsilon.mean": {
            "value": 0.10114133333333333,
            "min": 0.10114133333333333,
            "max": 0.1986608888888889,
            "count": 74
        },
        "TestBall.Policy.Epsilon.sum": {
            "value": 0.10114133333333333,
            "min": 0.10114133333333333,
            "max": 0.1986608888888889,
            "count": 74
        },
        "TestBall.Policy.Beta.mean": {
            "value": 2.129920000000006e-05,
            "min": 2.129920000000006e-05,
            "max": 0.0009867428,
            "count": 74
        },
        "TestBall.Policy.Beta.sum": {
            "value": 2.129920000000006e-05,
            "min": 2.129920000000006e-05,
            "max": 0.0009867428,
            "count": 74
        }
    },
    "metadata": {
        "timer_format_version": "0.1.0",
        "start_time_seconds": "1616511995",
        "python_version": "3.6.13 |Anaconda, Inc.| (default, Mar 16 2021, 11:37:27) [MSC v.1916 64 bit (AMD64)]",
        "command_line_arguments": "C:\\Users\\Administrator\\miniconda3\\envs\\ml-agents\\Scripts\\mlagents-learn config/testball.yaml --run-id=TestBall --train --force",
        "mlagents_version": "0.25.0",
        "mlagents_envs_version": "0.25.0",
        "communication_protocol_version": "1.5.0",
        "pytorch_version": "1.7.1+cpu",
        "numpy_version": "1.19.5",
        "end_time_seconds": "1616513831"
    },
    "total": 1836.0598024,
    "count": 1,
    "self": 0.0064461000001756474,
    "children": {
        "run_training.setup": {
            "total": 0.109904,
            "count": 1,
            "self": 0.109904
        },
        "TrainerController.start_learning": {
            "total": 1835.9434523,
            "count": 1,
            "self": 2.7913354999964213,
            "children": {
                "TrainerController._reset_env": {
                    "total": 7.7803997,
                    "count": 1,
                    "self": 7.7803997
                },
                "TrainerController.advance": {
                    "total": 1825.3181152000036,
                    "count": 131867,
                    "self": 1.3283401000351205,
                    "children": {
                        "env_step": {
                            "total": 1823.9897750999685,
                            "count": 131867,
                            "self": 1689.5752941999317,
                            "children": {
                                "SubprocessEnvManager._take_step": {
                                    "total": 132.95632559999459,
                                    "count": 131867,
                                    "self": 5.19306830001365,
                                    "children": {
                                        "TorchPolicy.evaluate": {
                                            "total": 127.76325729998094,
                                            "count": 100010,
                                            "self": 18.349603600008194,
                                            "children": {
                                                "TorchPolicy.sample_actions": {
                                                    "total": 109.41365369997274,
                                                    "count": 100010,
                                                    "self": 109.41365369997274
                                                }
                                            }
                                        }
                                    }
                                },
                                "workers": {
                                    "total": 1.4581553000421144,
                                    "count": 131867,
                                    "self": 0.0,
                                    "children": {
                                        "worker_root": {
                                            "total": 1825.3404796999694,
                                            "count": 131867,
                                            "is_parallel": true,
                                            "self": 481.9312311999656,
                                            "children": {
                                                "steps_from_proto": {
                                                    "total": 0.0003684,
                                                    "count": 1,
                                                    "is_parallel": true,