{
    "name": "root",
    "metadata": {
        "timer_format_version": "0.1.0",
        "start_time_seconds": "1617255774",
        "python_version": "3.6.13 |Anaconda, Inc.| (default, Mar 16 2021, 11:37:27) [MSC v.1916 64 bit (AMD64)]",
        "command_line_arguments": "C:\\Users\\Administrator\\miniconda3\\envs\\ml-agents\\Scripts\\mlagents-learn AIBikeRobot.yaml --run-id=AIBikeRobot --train --force",
        "mlagents_version": "0.25.0",
        "mlagents_envs_version": "0.25.0",
        "communication_protocol_version": "1.5.0",
        "pytorch_version": "1.7.1+cpu",
        "numpy_version": "1.19.5",
        "end_time_seconds": "1617255865"
    },
    "total": 90.9147643,
    "count": 1,
    "self": 0.006477799999998979,
    "children": {
        "run_training.setup": {
            "total": 0.12144479999999999,
            "count": 1,
            "self": 0.12144479999999999
        },
        "TrainerController.start_learning": {
            "total": 90.7868417,
            "count": 1,
            "self": 0.00010930000000541895,
            "children": {
                "TrainerController._reset_env": {
                    "total": 30.5744914,
                    "count": 1,
                    "self": 30.5744914
                },
                "TrainerController.advance": {
                    "total": 60.0810412,
                    "count": 1,
                    "self": 1.190000000406144e-05,
                    "children": {
                        "env_step": {
                            "total": 60.0810293,
                            "count": 1,
                            "self": 60.0810223,
                            "children": {
                                "SubprocessEnvManager._take_step": {
                                    "total": 7.000000000090267e-06,
                                    "count": 1,
                                    "self": 7.000000000090267e-06
                                }
                            }
                        }
                    }
                },
                "TrainerController._save_models": {
                    "total": 0.13119979999999032,
                    "count": 1,
                    "self": 0.0029101999999880945,
                    "children": {
                        "RLTrainer._checkpoint": {
                            "total": 0.12828960000000222,
                            "count": 1,
                            "self": 0.12828960000000222
                        }
                    }
                }
            }
        }
    }
}