{
    "name": "root",
    "gauges": {
        "AIBikeRobot.Policy.Entropy.mean": {
            "value": -1.1920928244535389e-07,
            "min": -1.1920928244535389e-07,
            "max": 0.01768963597714901,
            "count": 21
        },
        "AIBikeRobot.Policy.Entropy.sum": {
            "value": -0.007151841651648283,
            "min": -0.00715291453525424,
            "max": 1061.4312744140625,
            "count": 21
        },
        "AIBikeRobot.Environment.EpisodeLength.mean": {
            "value": 0.0,
            "min": 0.0,
            "max": 0.0,
            "count": 21
        },
        "AIBikeRobot.Environment.EpisodeLength.sum": {
            "value": 0.0,
            "min": 0.0,
            "max": 0.0,
            "count": 21
        },
        "AIBikeRobot.Policy.ExtrinsicValueEstimate.mean": {
            "value": -0.10852878540754318,
            "min": -1.014601469039917,
            "max": 3.661656141281128,
            "count": 21
        },
        "AIBikeRobot.Policy.ExtrinsicValueEstimate.sum": {
            "value": -6511.72705078125,
            "min": -60876.0859375,
            "max": 219695.703125,
            "count": 21
        },
        "AIBikeRobot.Environment.CumulativeReward.mean": {
            "value": 0.09670000148564577,
            "min": 0.09538000148385763,
            "max": 0.09851500148810446,
            "count": 21
        },
        "AIBikeRobot.Environment.CumulativeReward.sum": {
            "value": 5802.000089138746,
            "min": 5722.800089031458,
            "max": 5910.900089286268,
            "count": 21
        },
        "AIBikeRobot.Policy.ExtrinsicReward.mean": {
            "value": 0.09670000148564577,
            "min": 0.09538000148385763,
            "max": 0.09851500148810446,
            "count": 21
        },
        "AIBikeRobot.Policy.ExtrinsicReward.sum": {
            "value": 5802.000089138746,
            "min": 5722.800089031458,
            "max": 5910.900089286268,
            "count": 21
        },
        "AIBikeRobot.Losses.PolicyLoss.mean": {
            "value": 0.0713730200669185,
            "min": 0.06696565500353516,
            "max": 0.07323218274466162,
            "count": 21
        },
        "AIBikeRobot.Losses.PolicyLoss.sum": {
            "value": 2.141190602007555,
            "min": 1.9420039951025196,
            "max": 2.141190602007555,
            "count": 21
        },
        "AIBikeRobot.Losses.ValueLoss.mean": {
            "value": 12.498325066909352,
            "min": 0.006744914838006597,
            "max": 186.16510042674398,
            "count": 21
        },
        "AIBikeRobot.Losses.ValueLoss.sum": {
            "value": 374.94975200728055,
            "min": 0.1956025303021913,
            "max": 5398.787912375576,
            "count": 21
        },
        "AIBikeRobot.Policy.LearningRate.mean": {
            "value": 0.00011547396150869998,
            "min": 0.00011547396150869998,
            "max": 0.000295383001539,
            "count": 21
        },
        "AIBikeRobot.Policy.LearningRate.sum": {
            "value": 0.0034642188452609995,
            "min": 0.0034642188452609995,
            "max": 0.008566107044631,
            "count": 21
        },
        "AIBikeRobot.Policy.Epsilon.mean": {
            "value": 0.1384913,
            "min": 0.1384913,
            "max": 0.198461,
            "count": 21
        },
        "AIBikeRobot.Policy.Epsilon.sum": {
            "value": 4.154739,
            "min": 4.1040220000000005,
            "max": 5.755369,
            "count": 21
        },
        "AIBikeRobot.Policy.Beta.mean": {
            "value": 0.00385528087,
            "min": 0.00385528087,
            "max": 0.0098462539,
            "count": 21
        },
        "AIBikeRobot.Policy.Beta.sum": {
            "value": 0.1156584261,
            "min": 0.1156584261,
            "max": 0.2855413631,
            "count": 21
        },
        "AIBikeRobot.IsTraining.mean": {
            "value": 1.0,
            "min": 1.0,
            "max": 1.0,
            "count": 21
        },
        "AIBikeRobot.IsTraining.sum": {
            "value": 1.0,
            "min": 1.0,
            "max": 1.0,
            "count": 21
        }
    },
    "metadata": {
        "timer_format_version": "0.1.0",
        "start_time_seconds": "1617614457",
        "python_version": "3.6.13 |Anaconda, Inc.| (default, Mar 16 2021, 11:37:27) [MSC v.1916 64 bit (AMD64)]",
        "command_line_arguments": "C:\\Users\\Administrator\\miniconda3\\envs\\ml-agents\\Scripts\\mlagents-learn AIBikeRobot.yaml --run-id=AIBikeRobot --train --force",
        "mlagents_version": "0.25.0",
        "mlagents_envs_version": "0.25.0",
        "communication_protocol_version": "1.5.0",
        "pytorch_version": "1.7.1+cpu",
        "numpy_version": "1.19.5",
        "end_time_seconds": "1617620581"
    },
    "total": 6123.6303892000005,
    "count": 1,
    "self": 0.006570500000634638,
    "children": {
        "run_training.setup": {
            "total": 0.135081,
            "count": 1,
            "self": 0.135081
        },
        "TrainerController.start_learning": {
            "total": 6123.4887377,
            "count": 1,
            "self": 6.08172040012505,
            "children": {
                "TrainerController._reset_env": {
                    "total": 15.118615400000001,
                    "count": 1,
                    "self": 15.118615400000001
                },
                "TrainerController.advance": {
                    "total": 6102.242046699875,
                    "count": 287308,
                    "self": 2.966882699962298,
                    "children": {
                        "env_step": {
                            "total": 6099.275163999912,
                            "count": 287308,
                            "self": 5805.860473000271,
                            "children": {
                                "SubprocessEnvManager._take_step": {
                                    "total": 290.1561122998563,
                                    "count": 287308,
                                    "self": 7.096514699882846,
                                    "children": {
                                        "TorchPolicy.evaluate": {
                                            "total": 283.0595975999735,
                                            "count": 143654,
                                            "self": 45.39742599993616,
                                            "children": {
                                                "TorchPolicy.sample_actions": {
                                                    "total": 237.6621716000373,
                                                    "count": 143654,
                                                    "self": 237.6621716000373
                                                }
                                            }
                                        }
                                    }
                                },
                                "workers": {
                                    "total": 3.258578699784975,
                                    "count": 287307,
                                    "self": 0.0,
                                    "children": {
                                        "worker_root": {
                                            "total": 6101.345289100072,
                                            "count": 287307,
                                            "is_parallel": true,
                                            "self": 2261.9636680002786,
                                            "children": {
                                                "steps_from_proto": {
                                                    "total": 0.00038710000000000003,
                                                    "count": 1,