{
    "name": "root",
    "gauges": {
        "AIBikeRobot.Policy.Entropy.mean": {
            "value": -1.1920928244535389e-07,
            "min": -1.1920928244535389e-07,
            "max": 0.0004604157875292003,
            "count": 33
        },
        "AIBikeRobot.Policy.Entropy.sum": {
            "value": -0.007180809509009123,
            "min": -0.007231235038489103,
            "max": 27.961971282958984,
            "count": 33
        },
        "AIBikeRobot.Policy.ExtrinsicValueEstimate.mean": {
            "value": -0.6815675497055054,
            "min": -14.027668952941895,
            "max": 12.68770694732666,
            "count": 33
        },
        "AIBikeRobot.Policy.ExtrinsicValueEstimate.sum": {
            "value": -639.3103637695312,
            "min": -13676.9775390625,
            "max": 12370.5146484375,
            "count": 33
        },
        "AIBikeRobot.Losses.PolicyLoss.mean": {
            "value": 0.06999562244246743,
            "min": 0.06689887258694532,
            "max": 0.07023751536183351,
            "count": 33
        },
        "AIBikeRobot.Losses.PolicyLoss.sum": {
            "value": 1.819886183504153,
            "min": 1.7393706872605783,
            "max": 1.8261753994076713,
            "count": 33
        },
        "AIBikeRobot.Losses.ValueLoss.mean": {
            "value": 0.08352827134958743,
            "min": 0.08352827134958743,
            "max": 1299.3683598763907,
            "count": 33
        },
        "AIBikeRobot.Losses.ValueLoss.sum": {
            "value": 2.171735055089273,
            "min": 2.171735055089273,
            "max": 33783.57735678616,
            "count": 33
        },
        "AIBikeRobot.Policy.LearningRate.mean": {
            "value": 7.4199975267000005e-06,
            "min": 7.4199975267000005e-06,
            "max": 0.00029533440155519997,
            "count": 33
        },
        "AIBikeRobot.Policy.LearningRate.sum": {
            "value": 0.00019291993569420002,
            "min": 0.00019291993569420002,
            "max": 0.007678694440435199,
            "count": 33
        },
        "AIBikeRobot.Policy.Epsilon.mean": {
            "value": 0.1024733,
            "min": 0.1024733,
            "max": 0.19844480000000003,
            "count": 33
        },
        "AIBikeRobot.Policy.Epsilon.sum": {
            "value": 2.6643058,
            "min": 2.6643058,
            "max": 5.159564800000001,
            "count": 33
        },
        "AIBikeRobot.Policy.Beta.mean": {
            "value": 0.00025708267000000004,
            "min": 0.00025708267000000004,
            "max": 0.009844635520000002,
            "count": 33
        },
        "AIBikeRobot.Policy.Beta.sum": {
            "value": 0.006684149420000001,
            "min": 0.006684149420000001,
            "max": 0.25596052352000004,
            "count": 33
        },
        "AIBikeRobot.IsTraining.mean": {
            "value": 1.0,
            "min": 1.0,
            "max": 1.0,
            "count": 33
        },
        "AIBikeRobot.IsTraining.sum": {
            "value": 1.0,
            "min": 1.0,
            "max": 1.0,
            "count": 33
        },
        "AIBikeRobot.Environment.EpisodeLength.mean": {
            "value": 2006.4,
            "min": 8.0,
            "max": 9999.0,
            "count": 22
        },
        "AIBikeRobot.Environment.EpisodeLength.sum": {
            "value": 90288.0,
            "min": 288.0,
            "max": 90315.0,
            "count": 22
        },
        "AIBikeRobot.Environment.CumulativeReward.mean": {
            "value": -17.759999999403952,
            "min": -17.759999999403952,
            "max": -14.677777758489052,
            "count": 21
        },
        "AIBikeRobot.Environment.CumulativeReward.sum": {
            "value": -799.1999999731779,
            "min": -799.1999999731779,
            "max": -792.5999989584088,
            "count": 21
        },
        "AIBikeRobot.Policy.ExtrinsicReward.mean": {
            "value": -17.759999999403952,
            "min": -17.759999999403952,
            "max": -14.677777758489052,
            "count": 21
        },
        "AIBikeRobot.Policy.ExtrinsicReward.sum": {
            "value": -799.1999999731779,
            "min": -799.1999999731779,
            "max": -792.5999989584088,
            "count": 21
        }
    },
    "metadata": {
        "timer_format_version": "0.1.0",
        "start_time_seconds": "1617692534",
        "python_version": "3.6.13 |Anaconda, Inc.| (default, Mar 16 2021, 11:37:27) [MSC v.1916 64 bit (AMD64)]",
        "command_line_arguments": "C:\\Users\\Administrator\\miniconda3\\envs\\ml-agents\\Scripts\\mlagents-learn AIBikeRobot.yaml --run-id=AIBikeRobot --train --force",
        "mlagents_version": "0.25.0",
        "mlagents_envs_version": "0.25.0",
        "communication_protocol_version": "1.5.0",
        "pytorch_version": "1.7.1+cpu",
        "numpy_version": "1.19.5",
        "end_time_seconds": "1617695804"
    },
    "total": 3270.4130093000003,
    "count": 1,
    "self": 0.01442120000046998,
    "children": {
        "run_training.setup": {
            "total": 0.117433,
            "count": 1,
            "self": 0.117433
        },
        "TrainerController.start_learning": {
            "total": 3270.2811551,
            "count": 1,
            "self": 5.20172220002587,
            "children": {
                "TrainerController._reset_env": {
                    "total": 3.3917414999999997,
                    "count": 1,
                    "self": 3.3917414999999997
                },
                "TrainerController.advance": {
                    "total": 3261.636724299974,
                    "count": 222418,
                    "self": 2.6208197999712866,
                    "children": {
                        "env_step": {
                            "total": 3259.0159045000028,
                            "count": 222418,
                            "self": 2820.0890168000633,
                            "children": {
                                "SubprocessEnvManager._take_step": {
                                    "total": 436.28996480000126,
                                    "count": 222418,
                                    "self": 9.560142600037977,
                                    "children": {
                                        "TorchPolicy.evaluate": {
                                            "total": 426.7298221999633,
                                            "count": 222309,
                                            "self": 109.79054990001106,
                                            "children": {
                                                "TorchPolicy.sample_actions": {
                                                    "total": 316.9392722999522,
                                                    "count": 222309,
                                                    "self": 316.9392722999522
                                                }
                                            }
                                        }
                                    }
                                },
                                "workers": {
                                    "total": 2.6369228999381895,
                                    "count": 222418,
                                    "self": 0.0,
                                    "children": {
                                        "worker_root": {
                                            "total": 3261.6556862999782,
                                            "count": 222418,
                                            "is_parallel": true,
                                            "self": 961.910322100035,
                                            "children": {
                                                "steps_from_proto": {
                                                    "total": 0.0004837,